{"cameraMode":{"drawMode":0,"name":"Shaded","section":"Shading Mode"},"sceneLighting":false,"audioPlay":false,"sceneViewState":{"showFog":true,"showMaterialUpdate":false,"showSkybox":true,"showFlares":true,"showImageEffects":true,"showParticleSystems":true},"in2DMode":false,"pivot":{"x":28.15395736694336,"y":3.39701509475708,"z":2.4235572814941408},"rotation":{"x":0.08663902431726456,"y":0.9133205413818359,"z":-0.28584036231040957,"w":0.2768295705318451},"size":32.84817886352539,"orthographic":false}