{"cameraMode":{"drawMode":0,"name":"Shaded","section":"Shading Mode"},"sceneLighting":false,"audioPlay":false,"sceneViewState":{"showFog":true,"showMaterialUpdate":false,"showSkybox":true,"showFlares":true,"showImageEffects":true,"showParticleSystems":true},"in2DMode":false,"pivot":{"x":-23.181541442871095,"y":3.11752986907959,"z":1.7876863479614258},"rotation":{"x":0.08939318358898163,"y":0.9049376249313355,"z":-0.3425084948539734,"w":0.23618803918361665},"size":17.657726287841798,"orthographic":false}