{"cameraMode":{"drawMode":0,"name":"Shaded","section":"Shading Mode"},"sceneLighting":false,"audioPlay":false,"sceneViewState":{"showFog":true,"showMaterialUpdate":false,"showSkybox":true,"showFlares":true,"showImageEffects":true,"showParticleSystems":true},"in2DMode":false,"pivot":{"x":0.10374784469604492,"y":3.39701509475708,"z":3.2469301223754885},"rotation":{"x":0.08663902431726456,"y":0.9133205413818359,"z":-0.28584036231040957,"w":0.2768295705318451},"size":27.54521369934082,"orthographic":false}